switch_step,from,to,mode,start_step,observed_steps,complete_window,rms_joint_speed_rad_s,peak_joint_speed_rad_s,mean_joint_travel_rad,rms_joint_torque_nm,mean_abs_joint_torque_nm,peak_abs_joint_torque_nm,first_step_z_jump_l2,peak_step_z_change_l2,mean_step_z_change_l2,latent_path_length_l2,last_valid_goal_joint_mae_rad,goal_joint_mae_rad
40,walk2_subject1_2588,dance1_subject2_1150,hard,40,30,True,2.200857162475586,13.402594566345215,0.8100278377532959,11.248303413391113,6.167813777923584,61.002925872802734,22.400217056274414,22.400217056274414,0.7466738820075989,22.400217056274414,0.13255107402801514,0.13255107402801514
40,walk2_subject1_2588,dance1_subject2_1150,cem,40,30,True,1.8483160734176636,13.70921802520752,0.6401602029800415,8.582161903381348,4.835366249084473,38.35302734375,0.0,1.191266655921936,0.82907634973526,24.872289657592773,0.16039541363716125,0.16039541363716125
80,dance1_subject2_1150,dance1_subject2_2877,hard,80,30,True,2.1491167545318604,12.944967269897461,0.761564314365387,10.632482528686523,4.852594375610352,111.08411407470703,21.013492584228516,21.013492584228516,0.7004497647285461,21.013492584228516,0.1446077674627304,0.1446077674627304
80,dance1_subject2_1150,dance1_subject2_2877,cem,80,30,True,1.1580981016159058,3.7535600662231445,0.5001651048660278,13.241372108459473,6.871930122375488,58.74155807495117,0.0,0.9603544473648071,0.7640727758407593,22.922183990478516,0.13604988157749176,0.13604988157749176
120,dance1_subject2_2877,dance1_subject2_1150,hard,120,30,True,2.5214269161224365,18.762596130371094,0.8458502292633057,9.01445484161377,4.812972545623779,40.15372085571289,21.013492584228516,21.013492584228516,0.7004497647285461,21.013492584228516,0.11473017185926437,0.11473017185926437
120,dance1_subject2_2877,dance1_subject2_1150,cem,120,30,True,1.1115554571151733,3.239828109741211,0.4959292709827423,5.729506015777588,3.6541316509246826,21.724477767944336,0.0,1.0674467086791992,0.7661767601966858,22.985301971435547,0.14139388501644135,0.14139388501644135
160,dance1_subject2_1150,walk2_subject1_2588,hard,160,30,True,2.238832950592041,20.624746322631836,0.6157559752464294,10.88711929321289,4.684660911560059,117.43143463134766,22.400217056274414,22.400217056274414,0.7466738820075989,22.400217056274414,0.10669079422950745,0.10669079422950745
160,dance1_subject2_1150,walk2_subject1_2588,cem,160,30,True,1.4122273921966553,8.402022361755371,0.5473355650901794,8.72938060760498,4.646816253662109,53.89720153808594,0.0,1.6775484085083008,0.8315200805664062,24.945602416992188,0.1483195722103119,0.1483195722103119
200,walk2_subject1_2588,dance1_subject3_505,hard,200,30,True,1.5699940919876099,9.609232902526855,0.5102662444114685,8.358595848083496,5.412788391113281,30.740646362304688,22.674715042114258,22.674715042114258,0.7558238506317139,22.674715042114258,0.10069843381643295,0.10069843381643295
200,walk2_subject1_2588,dance1_subject3_505,cem,200,30,True,1.0825400352478027,4.612927436828613,0.4170669615268707,6.789851188659668,4.088127613067627,25.81715202331543,0.0,1.217835783958435,0.8419592976570129,25.258779525756836,0.17439940571784973,0.17439940571784973
240,dance1_subject3_505,dance2_subject4_700,hard,240,30,True,1.9175009727478027,13.116127967834473,0.5462465882301331,5.973602294921875,3.6020543575286865,46.78428649902344,23.236207962036133,23.236207962036133,0.7745402455329895,23.236207962036133,0.1374223381280899,0.1374223381280899
240,dance1_subject3_505,dance2_subject4_700,cem,240,30,True,1.1662553548812866,5.319321155548096,0.39221835136413574,6.657235145568848,4.221053600311279,19.76007843017578,0.0,1.2766839265823364,0.8688141703605652,26.064424514770508,0.17989559471607208,0.17989559471607208
