switch_step,from,to,mode,start_step,observed_steps,complete_window,rms_joint_speed_rad_s,peak_joint_speed_rad_s,mean_joint_travel_rad,rms_joint_torque_nm,mean_abs_joint_torque_nm,peak_abs_joint_torque_nm,first_step_z_jump_l2,peak_step_z_change_l2,mean_step_z_change_l2,latent_path_length_l2
80,move-ego-0-0.3,move-ego-90-0.3,hard,80,30,True,0.9591851830482483,5.465354919433594,0.4399638772010803,10.798709869384766,5.371081829071045,51.87777328491211,16.928741455078125,16.928741455078125,0.5642913579940796,16.928741455078125
80,move-ego-0-0.3,move-ego-90-0.3,cem,80,30,True,0.9524907469749451,6.949931621551514,0.3466930091381073,10.000984191894531,4.986628532409668,39.3798713684082,0.0,0.9006415605545044,0.5945566296577454,17.836698532104492
160,move-ego-90-0.3,rotate-z-5-0.5,hard,160,30,True,2.1526119709014893,18.19795799255371,0.9495313167572021,14.506000518798828,7.509692192077637,96.77198028564453,20.341718673706055,20.341718673706055,0.6780573129653931,20.341718673706055
160,move-ego-90-0.3,rotate-z-5-0.5,cem,160,30,True,1.3873205184936523,7.186903953552246,0.6008317470550537,11.886063575744629,6.1829681396484375,78.55142974853516,0.0,1.6211611032485962,0.7778685688972473,23.336057662963867
240,rotate-z-5-0.5,move-ego-180-0.3,hard,240,30,True,1.343542218208313,12.135519027709961,0.5124835968017578,10.831652641296387,5.813933372497559,65.4658203125,20.552648544311523,20.552648544311523,0.6850882768630981,20.552648544311523
240,rotate-z-5-0.5,move-ego-180-0.3,cem,240,30,True,1.3317257165908813,6.065742492675781,0.5859098434448242,11.994717597961426,6.186460494995117,69.90050506591797,0.0,1.2775588035583496,0.7487999796867371,22.463998794555664
320,move-ego-180-0.3,move-ego-0-0,hard,320,30,True,0.8116873502731323,4.991425037384033,0.24800503253936768,7.476119041442871,3.407762289047241,73.86724853515625,17.169076919555664,17.169076919555664,0.5723025798797607,17.169076919555664
320,move-ego-180-0.3,move-ego-0-0,cem,320,30,True,0.8526782989501953,5.445484638214111,0.3505474925041199,9.418712615966797,4.690122127532959,49.803897857666016,0.0,1.4594836235046387,0.6079776883125305,18.239330291748047
400,move-ego-0-0,move-ego-low0.5-0-0,hard,400,30,True,1.86576247215271,11.88965129852295,0.6316639184951782,13.537162780761719,6.560479164123535,72.42721557617188,21.418291091918945,21.418291091918945,0.7139430642127991,21.418291091918945
400,move-ego-0-0,move-ego-low0.5-0-0,cem,400,30,True,1.339463233947754,7.117386817932129,0.4315831661224365,7.894019603729248,4.240504741668701,34.8690071105957,0.0,1.6968843936920166,0.8164886832237244,24.494661331176758
